{"lr": [0.001, 0.001, 0.001, 0.001, 0.001, 0.001, 0.001, 0.001, 0.001, 0.001, 0.001, 0.001, 0.001, 0.001, 0.001, 0.001, 0.001, 0.001, 0.01, 0.01, 0.01, 0.01, 0.01, 0.01, 0.01, 0.01, 0.01, 0.01, 0.01, 0.01, 0.01, 0.01, 0.01, 0.01, 0.01, 0.01, 0.1, 0.1, 0.1, 0.1, 0.1, 0.1, 0.1, 0.1, 0.1, 0.1, 0.1, 0.1, 0.1, 0.1, 0.1, 0.1, 0.1, 0.1], "decay": [1e-05, 1e-05, 1e-05, 1e-05, 1e-05, 1e-05, 1e-06, 1e-06, 1e-06, 1e-06, 1e-06, 1e-06, 0, 0, 0, 0, 0, 0, 1e-05, 1e-05, 1e-05, 1e-05, 1e-05, 1e-05, 1e-06, 1e-06, 1e-06, 1e-06, 1e-06, 1e-06, 0, 0, 0, 0, 0, 0, 1e-05, 1e-05, 1e-05, 1e-05, 1e-05, 1e-05, 1e-06, 1e-06, 1e-06, 1e-06, 1e-06, 1e-06, 0, 0, 0, 0, 0, 0], "momentum": [0, 0, 0.8, 0.8, 0.9, 0.9, 0, 0, 0.8, 0.8, 0.9, 0.9, 0, 0, 0.8, 0.8, 0.9, 0.9, 0, 0, 0.8, 0.8, 0.9, 0.9, 0, 0, 0.8, 0.8, 0.9, 0.9, 0, 0, 0.8, 0.8, 0.9, 0.9, 0, 0, 0.8, 0.8, 0.9, 0.9, 0, 0, 0.8, 0.8, 0.9, 0.9, 0, 0, 0.8, 0.8, 0.9, 0.9], "nesterov": [true, false, true, false, true, false, true, false, true, false, true, false, true, false, true, false, true, false, true, false, true, false, true, false, true, false, true, false, true, false, true, false, true, false, true, false, true, false, true, false, true, false, true, false, true, false, true, false, true, false, true, false, true, false], "trainF1": [0.6130354500032069, 0.6066250509934897, 0.6256835636408491, 0.6179749874942544, 0.6329536535168264, 0.6229976653307328, 0.6208842752825247, 0.6202821647333796, 0.6288055281576423, 0.6191517436478166, 0.6212255204143935, 0.6230706532903165, 0.614610361441427, 0.6129189008097923, 0.6245765218671218, 0.62037524006261, 0.6344605977113016, 0.6282517433343511, 0.6240347417955596, 0.6311401997410242, 0.6750366523801631, 0.6720607487200191, 0.6942690283311845, 0.6888008828960509, 0.6300528709976129, 0.6271236706111774, 0.6753301417344856, 0.6762406193243881, 0.6978288935329974, 0.6845197484669332, 0.6194208157059922, 0.6228321152568674, 0.6752900033996827, 0.6724998023594759, 0.6965195299071077, 0.6930526939840215, 0.6949324074253982, 0.6963726650552489, 0.729694395801314, 0.7388955171261872, 0.7620864419843075, 0.7233571668354684, 0.6925454493942743, 0.698588012419247, 0.7344841126242462, 0.7332475133436502, 0.7606272821349584, 0.7379858353059148, 0.6946747957607602, 0.6974198997464589, 0.7371724779158902, 0.7356616985415512, 0.7475239568252021, 0.7258619823925176], "validationF1": [0.6108923248217606, 0.6047568517742945, 0.6227355435751767, 0.6153132004363616, 0.630000522710477, 0.6187496617753596, 0.6187458962713188, 0.6191344934390719, 0.6253199529191857, 0.6172664218069922, 0.6187436550389336, 0.6211802726960086, 0.6133482161700083, 0.6129204243051573, 0.6207550095111739, 0.6179158932177776, 0.6318844208224353, 0.625532684624509, 0.6223895222339354, 0.6280174505267956, 0.6724313975211137, 0.668746839686046, 0.6882485459252993, 0.6837023295878665, 0.6267673864134798, 0.6242849815769975, 0.6728588533914089, 0.6723872520181489, 0.6918193399323332, 0.6798826395649555, 0.6164797259480322, 0.61942875403107, 0.6718827538838431, 0.6693792044568979, 0.6903394915609175, 0.6874976871645543, 0.6891007675397943, 0.6901513947512858, 0.708328982742283, 0.7250285086726045, 0.7319575425955289, 0.7042542988256583, 0.6877668020059299, 0.6917776573147805, 0.7178286579763451, 0.7156505255901398, 0.7339795218622844, 0.7190644334353445, 0.6890801259449222, 0.6917804877175889, 0.719203170476256, 0.7184755405695594, 0.7238876120772789, 0.7077239326322627]}